<?xml version="1.0" encoding="UTF-8"?>
<personausweisliste>
  <personalausweis>
    <vorderseite>
      <name>dabbert</name>
      <vorname>julian</vorname>
      <geburtstag_und_ort>03061981 Goettingen</geburtstag_und_ort>
      <staatsangehoerigkeit>deutsch</staatsangehoerigkeit>
      <ablaufdatum>128972389</ablaufdatum>
    </vorderseite>
    <rueckseite>
      <anschrift>hier</anschrift>
      <groesse>190</groesse>
      <augenfarbe>blau</augenfarbe>
      <behoerde>paderborn</behoerde>
      <datum>heute</datum>
    </rueckseite>
  </personalausweis>
  <personalausweis>
    <vorderseite>
      <name>bohl</name>
      <vorname>benjamin</vorname>
      <geburtstag_und_ort>2344365 bad toelz</geburtstag_und_ort>
      <staatsangehoerigkeit>deutsch</staatsangehoerigkeit>
      <ablaufdatum>124234435</ablaufdatum>
    </vorderseite>
    <rueckseite>
      <anschrift>dort</anschrift>
      <groesse>185</groesse>
      <augenfarbe>blaugrau</augenfarbe>
      <behoerde>paderborn</behoerde>
      <datum>heute</datum>
    </rueckseite>
  </personalausweis>
</personausweisliste>
<!-- validated by: eclipse -->
