<?xml version="1.0" encoding="UTF-8"?>
<personalausweis xmlns:xsi="http://www.w3.org/2001/XMLSchema-instance" xsi:noNamespaceSchemaLocation="personalausweis_schema.xsd">
  <vorderseite>
    <name>mein_name</name>
    <vorname>vorname</vorname>
    <geburtstag_und_ort>geburtstag_und_ort</geburtstag_und_ort>
    <staatsangehoerigkeit>staatsangehoerigkeit</staatsangehoerigkeit>
    <ablaufdatum>ablaufdatum</ablaufdatum>
  </vorderseite>
  <rueckseite>
    <anschrift>anschrift</anschrift>
    <groesse>0</groesse>
    <augenfarbe>augenfarbe</augenfarbe>
    <behoerde>behoerde</behoerde>
    <datum>datum</datum>
  </rueckseite>
</personalausweis>


 <!-- validated by: eclipse -->