<?xml version="1.0" encoding="UTF-8"?>
<personalausweisliste>
<personalausweis>
    <vorderseite>
       <name>La Salvia</name> 
       <vorname>Adrian</vorname>
       <geburtstag_und_ort>16.04.1966 Dresden</geburtstag_und_ort>
       <staatsangehoerigkeit>italienisch</staatsangehoerigkeit>
       <ablaufdatum>12.03.2011</ablaufdatum>
    </vorderseite>
    <rueckseite>
        <anschrift>Schleifmühle 1, 91054 Erlangen</anschrift>
        <groesse>180 cm</groesse>
        <augenfarbe>braun</augenfarbe>
        <behoerde>Stadt Erlangen</behoerde>
        <datum>13.03.2001</datum>
    </rueckseite>                
</personalausweis>
<personalausweis>
    <vorderseite>
        <name>La Salvia</name> 
        <vorname>Adrian</vorname>
        <geburtstag_und_ort>16.04.1966 Dresden</geburtstag_und_ort>
        <staatsangehoerigkeit>deutsch</staatsangehoerigkeit>
        <ablaufdatum>12.03.2011</ablaufdatum>
    </vorderseite>
    <rueckseite>
        <anschrift>Schleifmühle 1, 91054 Erlangen</anschrift>
        <groesse>180 cm</groesse>
        <augenfarbe>braun</augenfarbe>
        <behoerde>Stadt Erlangen</behoerde>
        <datum>13.03.2001</datum>
    </rueckseite>                
</personalausweis>
</personalausweisliste>