<?xml version="1.0"?> 
<?xml-stylesheet type="text/xsl" href="xslt_stylesheet_css_loesung.xsl"?>
<people>
	<person born="1912" died="1954"> 
		<name>
			<first_name>Alan</first_name>
			<last_name>Turing</last_name> 
		</name>
		<profession>computer scientist</profession> 
		<profession>mathematician</profession> 
		<profession>cryptographer</profession>
	</person> 
	<person born="1925" died="1986">
		<name> 
			<first_name>Heinz</first_name> 
			<last_name>Nixdorf</last_name>
		</name> 
		<profession>computer pioneer</profession> 
		<birthplace>Paderborn</birthplace>
	</person> 
</people>