﻿<kundenkartei>
    <stammdaten>
  <personalausweis xmlns="http://www.personalausweis.de/">
        <!-- vom personalausweis -->
        <voname>Hans-Peter</vorname>
        <name>Siegloch</name>
        <groesse> 190 </groesse>
  </personalausweis>
      <payback xmlns="http://www.paybackski.ru/victims/data/">      
        <!-- von payback -->
        <werberesistenz> 0.12 </werberesistenz>
        <schuhgeschmack> mittel </schuhgeschmack>
        <groesse> 48 </groesse>
  </payback>
    </stammdaten>
    <transaktionen/> 
</kundenkartei>